-- phpMyAdmin SQL Dump
-- version 5.1.1
-- https://www.phpmyadmin.net/
--
-- Host: 127.0.0.1
-- Generation Time: Jan 18, 2023 at 12:44 PM
-- Server version: 10.4.22-MariaDB
-- PHP Version: 7.4.27

SET SQL_MODE = "NO_AUTO_VALUE_ON_ZERO";
START TRANSACTION;
SET time_zone = "+00:00";


/*!40101 SET @OLD_CHARACTER_SET_CLIENT=@@CHARACTER_SET_CLIENT */;
/*!40101 SET @OLD_CHARACTER_SET_RESULTS=@@CHARACTER_SET_RESULTS */;
/*!40101 SET @OLD_COLLATION_CONNECTION=@@COLLATION_CONNECTION */;
/*!40101 SET NAMES utf8mb4 */;

--
-- Database: `k21`
--

-- --------------------------------------------------------

--
-- Table structure for table `ctdt`
--

CREATE TABLE `ctdt` (
  `MaCTDT` int(11) NOT NULL
) ENGINE=InnoDB DEFAULT CHARSET=utf8mb4;

--
-- Dumping data for table `ctdt`
--

INSERT INTO `ctdt` (`MaCTDT`) VALUES
(1),
(2),
(3),
(4);

-- --------------------------------------------------------

--
-- Table structure for table `dangkymh`
--

CREATE TABLE `dangkymh` (
  `MaSV` varchar(45) NOT NULL,
  `nhom` varchar(45) DEFAULT NULL,
  `soluong` int(11) DEFAULT NULL,
  `conlai` int(11) DEFAULT NULL,
  `MaMH` varchar(45) NOT NULL,
  `MaCTDT` int(11) NOT NULL,
  `Thu` varchar(10) NOT NULL,
  `PHONG` varchar(50) NOT NULL,
  `ngayBD` date NOT NULL,
  `ngayKT` date NOT NULL
) ENGINE=InnoDB DEFAULT CHARSET=utf8mb4;

--
-- Dumping data for table `dangkymh`
--

INSERT INTO `dangkymh` (`MaSV`, `nhom`, `soluong`, `conlai`, `MaMH`, `MaCTDT`, `Thu`, `PHONG`, `ngayBD`, `ngayKT`) VALUES
('', '1', 50, 0, 'INF0054', 1, 'Thứ 5', 'AIII.12', '2022-12-01', '2023-03-10'),
('', '1', 50, 0, 'INF0074', 1, 'Thứ 4', 'AI.2', '2022-12-01', '2023-04-20'),
('', '1', 50, 0, 'INF0084', 1, 'Thứ 3', 'BIII.13', '2022-12-01', '2023-03-10'),
('', '1', 50, 0, 'INF0093', 1, 'Thứ 2', 'EII.1', '2022-12-01', '2023-04-15'),
('', '1', 50, 0, 'INF0104', 1, 'Thứ 3', 'EI.1', '2022-12-01', '2023-02-10'),
('', '1', 50, 0, 'INF0114', 1, 'Thứ 2', 'BI.4', '2022-12-01', '2023-01-10'),
('', '1', 50, 0, 'INF0123', 1, 'Thứ 5', 'BII.8', '2022-12-01', '2023-03-10'),
('', '1', 50, 0, 'INF0137', 1, 'Thứ 6', 'AII.6', '2022-12-01', '2023-03-10'),
('', '1', 50, 0, 'INF0143', 1, 'Thứ 7', 'AII.7', '2022-12-01', '2023-03-10'),
('', '1', 50, 0, 'INF0153', 1, 'Thứ 4', 'EII.5', '2022-12-01', '2023-03-10'),
('', '1', 50, 0, 'INF0164', 1, 'Thứ 5', 'BII.8', '2022-12-01', '2023-03-10'),
('', '1', 50, 0, 'INF0172', 1, 'Thứ 3', 'AIII.11', '2022-12-01', '2023-03-10'),
('', '1', 50, 0, 'INF0204', 3, 'Thứ 2', 'AII.5', '2022-12-01', '2023-03-10'),
('', '1', 50, 0, 'INF0214', 3, 'Thứ 3', 'BII.6', '2022-12-01', '2023-03-10'),
('', '1', 50, 0, 'INF0253', 3, 'Thứ 7', 'EII.8', '2022-12-01', '2023-03-10'),
('', '1', 50, 0, 'INF0263', 3, 'Thứ 2', 'EIII.10', '2022-12-01', '2023-03-10'),
('', '1', 50, 0, 'INF0284', 3, 'Thứ 4', 'BI.3', '2022-12-01', '2023-03-10'),
('', '1', 50, 0, 'INF0294', 3, 'Thứ 3', 'BI.4', '2022-12-01', '2023-03-10'),
('', '1', 50, 0, 'INF0313', 3, 'Thứ 7', 'BI.1', '2022-12-01', '2023-03-10'),
('', '1', 50, 0, 'INF0324', 3, 'Thứ 6', 'BII.5', '2022-12-06', '2023-08-10'),
('', '1', 50, 0, 'INF0344', 3, 'Thứ 5', 'BII.7', '2022-12-01', '2023-03-10'),
('', '1', 50, 0, 'INF0364', 3, 'Thứ 2', 'BII.7', '2022-12-30', '2023-06-10'),
('', '1', 50, 0, 'INF0374', 3, 'Thứ 4', 'BII.7', '2022-12-01', '2023-03-10'),
('', '1', 50, 0, 'INF0384', 3, 'Thứ 3', 'BII.7', '2022-12-01', '2023-03-10'),
('', '1', 50, 0, 'INF0423', 3, 'Thứ 7', 'BII.7', '2022-12-01', '2023-03-10'),
('', '1', 50, 0, 'INF0434', 3, 'Thứ 6', 'BII.7', '2022-12-01', '2023-07-10'),
('', '1', 50, 0, 'INF0442', 3, 'Thứ 3', 'BII.7', '2022-12-01', '2023-03-10'),
('', '1', 50, 0, 'INF0453', 3, 'Thứ 5', 'BII.7', '2022-12-01', '2023-05-10'),
('', '1', 50, 0, 'INF0464', 3, 'Thứ 2', 'BII.7', '2022-12-01', '2023-03-10'),
('', '1', 50, 0, 'INF0493', 3, 'Thứ 7', 'BII.7', '2022-12-01', '2023-03-10'),
('', '1', 50, 0, 'INF0502', 3, 'Thứ 6', 'BII.7', '2022-12-01', '2023-03-10'),
('', '1', 50, 0, 'INF0524', 3, 'Thứ 5', 'BII.7', '2022-12-01', '2023-03-10'),
('', '1', 50, 0, 'INF0534', 3, 'Thứ 3', 'BII.7', '2022-12-01', '2023-03-10'),
('', '1', 50, 0, 'INF0542', 3, 'Thứ 4', 'BII.7', '2022-12-01', '2023-03-10'),
('', '1', 50, 0, 'INF0584', 3, 'Thứ 7', 'BII.7', '2022-12-01', '2023-03-10'),
('', '1', 50, 0, 'INF0593', 3, 'Thứ 2', 'BII.7', '2022-12-01', '2023-03-10'),
('', '1', 50, 0, 'INF0604', 3, 'Thứ 3', 'BII.7', '2022-12-01', '2023-03-10'),
('', '1', 50, 0, 'INF0613', 3, 'Thứ 6', 'BII.7', '2022-12-01', '2023-03-10'),
('', '1', 50, 0, 'INF0623', 3, 'Thứ 5', 'BII.7', '2022-12-01', '2023-03-10'),
('', '1', 50, 0, 'INF0633', 1, 'Thứ 3', 'BII.7', '2022-12-01', '2023-03-10'),
('', '1', 50, 0, 'INF0643', 1, 'Thứ 4', 'BII.7', '2022-12-01', '2023-03-10'),
('', '1', 50, 0, 'INF0654', 1, 'Thứ 7', 'BII.7', '2022-12-01', '2023-03-10'),
('', '1', 50, 0, 'INF0664', 1, 'Thứ 4', 'BII.7', '2022-12-01', '2023-03-10'),
('', '1', 50, 0, 'INF0674', 1, 'Thứ 2', 'BII.7', '2022-12-01', '2023-03-10'),
('', '1', 50, 0, 'INF0684', 1, 'Thứ 7', 'BII.7', '2022-12-01', '2023-03-10'),
('', '1', 50, 0, 'INF0694', 1, 'Thứ 3', 'BII.7', '2022-12-01', '2023-03-10'),
('', '1', 50, 0, 'INF0704', 1, 'Thứ 7', 'BII.7', '2022-12-01', '2023-03-10'),
('', '1', 50, 0, 'INF0713', 1, 'Thứ 6', 'BII.7', '2022-12-01', '2023-03-10'),
('', '1', 50, 0, 'INF0722', 1, 'Thứ 4', 'BII.7', '2022-12-01', '2023-03-10'),
('', '1', 50, 0, 'INF0774', 1, 'Thứ 3', 'BII.7', '2022-12-01', '2023-03-10'),
('', '1', 50, 0, 'INF0784', 1, 'Thứ 2', 'BII.7', '2022-12-01', '2023-03-10'),
('', '1', 50, 0, 'INF0794', 1, 'Thứ 3', 'BII.7', '2022-12-01', '2023-03-10'),
('', '1', 50, 0, 'INF0812', 1, 'Thứ 4', 'BII.7', '2022-12-01', '2023-03-10'),
('', '1', 50, 0, 'INF0893', 1, 'Thứ 7', 'BII.7', '2022-12-01', '2023-03-10'),
('', '1', 50, 0, 'INF0912', 1, 'Thứ 3', 'BII.7', '2022-12-01', '2023-03-10'),
('', '1', 50, 0, 'INF0972', 1, 'Thứ 2', 'BII.7', '2022-12-01', '2023-03-10'),
('', '1', 50, 0, 'INF0992', 1, 'Thứ 5', 'BII.7', '2022-12-01', '2023-03-10'),
('', '1', 50, 0, 'INF1063', 1, 'Thứ 4', 'BII.7', '2022-12-01', '2023-03-10'),
('', '1', 50, 0, 'INF1073', 1, 'Thứ 2', 'BII.7', '2022-12-01', '2023-03-10'),
('', '1', 50, 0, 'INF1083', 1, 'Thứ 7', 'BII.7', '2022-12-01', '2023-03-10'),
('', '1', 50, 0, 'INF1133', 1, 'Thứ 6', 'BII.7', '2022-12-01', '2023-03-10'),
('', '1', 50, 0, 'INF1143', 1, 'Thứ 4', 'BII.7', '2022-12-01', '2023-03-10'),
('', '1', 50, 0, 'INF1152', 1, 'Thứ 3', 'BII.7', '2022-12-01', '2023-03-10'),
('', '1', 50, 0, 'INF1173', 1, 'Thứ 5', 'BII.7', '2022-12-01', '2023-03-10'),
('', '1', 50, 0, 'INF1182', 1, 'Thứ 2', 'BII.7', '2022-12-01', '2023-03-10'),
('', '1', 50, 0, 'LAW0492', 1, 'Thứ 4', 'BII.7', '2022-12-01', '2023-03-10'),
('', '1', 50, 0, 'MAT0043', 1, 'Thứ 7', 'BII.7', '2022-12-01', '2023-03-10'),
('', '1', 50, 0, 'MIL0013', 1, 'Thứ 6', 'BII.7', '2022-12-01', '2023-03-10'),
('', '1', 50, 0, 'MIL0022', 1, 'Thứ 5', 'BII.7', '2022-12-01', '2023-03-10'),
('', '1', 50, 0, 'MIL0033', 1, 'Thứ 4', 'BII.7', '2022-12-01', '2023-03-10'),
('', '1', 50, 0, 'PHE0251', 1, 'Thứ 2', 'BII.7', '2022-12-01', '2023-03-10'),
('', '1', 50, 0, 'PHE0261', 1, 'Thứ 3', 'BII.7', '2022-12-01', '2023-03-10'),
('', '1', 50, 0, 'PHE0271', 1, 'Thứ 4', 'BII.7', '2022-12-01', '2023-03-10'),
('', '1', 50, 0, 'POL0013', 1, 'Thứ 7', 'BII.7', '2022-12-01', '2023-03-10'),
('', '1', 50, 0, 'POL0025', 1, 'Thứ 6', 'BII.7', '2022-12-01', '2023-03-10'),
('', '1', 50, 0, 'VIE0025', 2, 'Thứ 5', 'BII.7', '2022-12-01', '2023-03-10'),
('', '1', 50, 0, 'VIE0035', 2, 'Thứ 2', 'BII.7', '2022-12-01', '2023-03-10'),
('', '1', 50, 0, 'POL0032', 1, 'Thứ 3', 'BII.7', '2022-12-01', '2023-03-10'),
('', '1', 50, 0, 'VIE0481', 2, 'Thứ 4', 'BII.7', '2022-12-01', '2023-03-10'),
('', '1', 50, 0, 'VIE0291', 2, 'Thứ 5', 'BII.7', '2022-12-01', '2023-03-10'),
('', '1', 50, 0, 'VIE0281', 2, 'Thứ 5', 'BII.7', '2022-12-01', '2023-03-10'),
('', '1', 50, 0, 'VIE0531', 2, 'Thứ 6', 'BII.7', '2022-12-01', '2023-03-10'),
('', '1', 50, 0, 'VIE0402', 2, 'Thứ 7', 'BII.7', '2022-12-01', '2023-03-10'),
('', '1', 50, 0, 'VIE0422', 2, 'Thứ 4', 'BII.7', '2022-12-01', '2023-03-10'),
('', '1', 50, 0, 'VIE0182', 2, 'Thứ 2', 'BII.7', '2022-12-01', '2023-03-10');

-- --------------------------------------------------------

--
-- Table structure for table `danhsachdk`
--

CREATE TABLE `danhsachdk` (
  `MaSV` int(11) NOT NULL,
  `MaMH` varchar(45) NOT NULL
) ENGINE=InnoDB DEFAULT CHARSET=utf8mb4;

--
-- Dumping data for table `danhsachdk`
--

INSERT INTO `danhsachdk` (`MaSV`, `MaMH`) VALUES
(18050010, 'INF0093'),
(18050010, 'INF0794');

-- --------------------------------------------------------

--
-- Table structure for table `diem`
--

CREATE TABLE `diem` (
  `DiemGK` int(11) NOT NULL,
  `DiemCK` int(11) NOT NULL,
  `PTGK` int(11) NOT NULL,
  `PTCK` int(11) NOT NULL,
  `MaSV` int(11) NOT NULL,
  `MaMH` varchar(45) NOT NULL,
  `DiemTK10` float NOT NULL,
  `DaHoc` varchar(10) NOT NULL
) ENGINE=InnoDB DEFAULT CHARSET=utf8mb4;

--
-- Dumping data for table `diem`
--

INSERT INTO `diem` (`DiemGK`, `DiemCK`, `PTGK`, `PTCK`, `MaSV`, `MaMH`, `DiemTK10`, `DaHoc`) VALUES
(8, 7, 50, 50, 18050010, 'ENG0013', 6.5, 'x'),
(9, 7, 50, 50, 18050010, 'ENG0023', 8, 'x'),
(9, 7, 50, 50, 18050010, 'ENG0902', 8, 'x'),
(9, 10, 30, 70, 18050010, 'ENG0912', 9.8, 'x'),
(0, 0, 0, 0, 18050010, 'INF0054', 0, ''),
(7, 8, 40, 60, 18050010, 'INF0074', 6.5, 'x'),
(8, 8, 30, 70, 18050010, 'INF0084', 8, 'x'),
(0, 0, 0, 0, 18050010, 'INF0093', 0, ''),
(7, 7, 50, 50, 18050010, 'INF0104', 7, 'x'),
(8, 8, 60, 40, 18050010, 'INF0114', 8, 'x'),
(6, 7, 50, 50, 18050010, 'INF0123', 6.5, 'x'),
(7, 7, 30, 70, 18050010, 'INF0137', 7, 'x'),
(8, 9, 50, 50, 18050010, 'INF0143', 8.5, 'x'),
(6, 6, 50, 50, 18050010, 'INF0153', 6, 'x'),
(8, 9, 30, 70, 18050010, 'INF0164', 7.7, 'x'),
(8, 7, 30, 70, 18050010, 'INF0172', 7, 'x'),
(7, 6, 40, 60, 18050010, 'INF0204', 7, 'x'),
(6, 8, 50, 50, 18050010, 'INF0214', 7, 'x'),
(8, 9, 50, 50, 18050010, 'INF0253', 7, 'x'),
(7, 8, 30, 70, 18050010, 'INF0263', 7.7, 'x'),
(8, 9, 50, 50, 18050010, 'INF0284', 7.6, 'x'),
(8, 9, 30, 70, 18050010, 'INF0294', 9, 'x'),
(0, 0, 0, 0, 18050010, 'VIE0402', 9.98, ''),
(0, 0, 0, 0, 18050010, 'INF0313', 0, ''),
(8, 7, 50, 50, 18050010, 'INF0324', 9.9, 'x'),
(0, 0, 0, 0, 18050010, 'INF0694', 0, ''),
(0, 0, 0, 0, 18050010, 'INF0713', 0, ''),
(9, 7, 40, 60, 18050010, 'INF0722', 8, 'x'),
(0, 0, 0, 0, 18050010, 'INF0774', 9.9, ''),
(0, 0, 0, 0, 18050010, 'INF0784', 9.9, ''),
(0, 0, 0, 0, 18050010, 'INF0794', 0, ''),
(0, 0, 0, 0, 18050010, 'INF0812', 0, ''),
(0, 0, 0, 0, 18050010, 'INF0893', 0, ''),
(0, 0, 0, 0, 18050010, 'INF0912', 0, ''),
(8, 9, 30, 70, 18050010, 'INF0972', 8, 'x'),
(0, 0, 0, 0, 18050010, 'INF0992', 9.9, ''),
(8, 9, 50, 50, 18050010, 'INF1063', 8, 'x'),
(5, 5, 30, 70, 18050010, 'INF1073', 5, 'x'),
(0, 0, 0, 0, 18050010, 'INF1083', 0, ''),
(8, 8, 40, 60, 18050010, 'INF1133', 8, 'x'),
(0, 0, 0, 0, 18050010, 'INF1143', 9.9, ''),
(0, 0, 0, 0, 18050010, 'INF1152', 9.9, ''),
(0, 0, 0, 0, 18050010, 'INF1173', 9.9, ''),
(8, 8, 30, 70, 18050010, 'INF1182', 8, 'x'),
(9, 9, 50, 50, 18050010, 'LAW0492', 9, 'x'),
(8, 8, 50, 50, 18050010, 'MAT0043', 8, 'x'),
(9, 9, 30, 70, 18050010, 'MIL0013', 9, 'x'),
(8, 9, 50, 50, 18050010, 'MIL0022', 9, 'x'),
(10, 10, 30, 70, 18050010, 'MIL0033', 10, 'x'),
(8, 9, 50, 50, 18050010, 'PHE0251', 8, 'x'),
(8, 9, 50, 50, 18050010, 'POL0032', 8.5, 'x'),
(8, 10, 40, 60, 18050010, 'PHE0261', 9, 'x'),
(9, 7, 40, 60, 18050010, 'PHE0271', 8, 'x'),
(9, 10, 30, 70, 18050010, 'POL0013', 9.5, 'x'),
(6, 8, 30, 70, 18050010, 'POL0025', 7, 'x'),
(0, 0, 0, 0, 18050010, 'INF0364', 9.9, ''),
(0, 0, 0, 0, 18050010, 'INF0374', 9.9, ''),
(9, 7, 40, 60, 18050010, 'INF0384', 8, 'x'),
(9, 10, 30, 70, 18050010, 'INF0423', 9.5, 'x'),
(6, 8, 30, 70, 18050010, 'INF0434', 7, 'x'),
(5, 7, 40, 60, 18050010, 'INF0442', 6, 'x'),
(8, 9, 50, 50, 18050010, 'INF0453', 7, 'x'),
(8, 9, 50, 50, 18050010, 'INF0464', 9, 'x'),
(0, 0, 0, 0, 18050010, 'INF0493', 9.9, ''),
(9, 10, 50, 50, 18050010, 'INF0502', 9.5, 'x'),
(0, 0, 0, 0, 18050010, 'INF0524', 9.9, ''),
(0, 0, 0, 0, 18050010, 'INF0534', 0, ''),
(0, 0, 0, 0, 18050010, 'INF0542', 9.9, ''),
(0, 0, 0, 0, 18050010, 'INF0584', 9.9, ''),
(0, 0, 0, 0, 18050010, 'INF0593', 9.9, ''),
(0, 0, 0, 0, 18050010, 'INF0604', 9.9, ''),
(0, 0, 0, 0, 18050010, 'INF0613', 9.9, ''),
(8, 8, 50, 50, 18050010, 'INF0623', 8, 'x'),
(0, 0, 0, 0, 18050010, 'INF0633', 9.9, ''),
(0, 0, 0, 0, 18050010, 'INF0643', 9.9, ''),
(0, 0, 0, 0, 18050010, 'INF0654', 9.9, ''),
(0, 0, 0, 0, 18050010, 'INF0664', 0, ''),
(0, 0, 0, 0, 18050010, 'INF0674', 0, ''),
(0, 0, 0, 0, 18050010, 'INF0684', 0, ''),
(0, 0, 0, 0, 18050010, 'INF0694', 0, ''),
(9, 9, 50, 50, 18050009, 'ENG0013', 6.5, 'x'),
(9, 9, 50, 50, 18050009, 'ENG0023', 8.75, 'x'),
(9, 9, 50, 50, 18050009, 'ENG0902', 8, 'x'),
(9, 9, 50, 50, 18050009, 'ENG0912', 9.8, 'x'),
(9, 9, 50, 50, 18050009, 'INF0054', 0, ''),
(9, 9, 50, 50, 18050009, 'INF0074', 6.5, 'x'),
(9, 9, 50, 50, 18050009, 'INF0084', 8, 'x'),
(9, 9, 50, 50, 18050009, 'INF0093', 0, ''),
(9, 9, 50, 50, 18050009, 'INF0104', 7, 'x'),
(9, 9, 50, 50, 18050009, 'INF0114', 8, 'x'),
(9, 9, 50, 50, 18050009, 'INF0123', 6.5, 'x'),
(9, 9, 50, 50, 18050009, 'INF0137', 7, 'x'),
(9, 9, 50, 50, 18050009, 'INF0143', 8.5, 'x'),
(9, 9, 50, 50, 18050009, 'INF0153', 6, 'x'),
(9, 9, 50, 50, 18050009, 'INF0164', 7.7, 'x'),
(9, 9, 50, 50, 18050009, 'INF0172', 7, 'x'),
(9, 9, 50, 50, 18050009, 'INF0204', 7, 'x'),
(9, 9, 50, 50, 18050009, 'INF0214', 7, 'x'),
(9, 9, 50, 50, 18050009, 'INF0253', 7, 'x'),
(9, 9, 50, 50, 18050009, 'INF0263', 7.7, 'x'),
(9, 9, 50, 50, 18050009, 'INF0284', 7.6, 'x'),
(9, 9, 50, 50, 18050009, 'INF0294', 9, 'x'),
(9, 9, 50, 50, 18050009, 'INF0313', 0, ''),
(9, 9, 50, 50, 18050009, 'INF0324', 0, ''),
(9, 9, 50, 50, 18050009, 'INF0694', 0, ''),
(9, 9, 50, 50, 18050009, 'INF0713', 0, ''),
(9, 9, 50, 50, 18050009, 'INF0722', 8, 'x'),
(9, 9, 50, 50, 18050009, 'INF0774', 0, ''),
(9, 9, 50, 50, 18050009, 'INF0784', 0, ''),
(9, 9, 50, 50, 18050009, 'INF0794', 0, ''),
(9, 9, 50, 50, 18050009, 'INF0812', 0, ''),
(9, 9, 50, 50, 18050009, 'INF0893', 0, ''),
(9, 9, 50, 50, 18050009, 'INF0912', 0, ''),
(9, 9, 50, 50, 18050009, 'INF0972', 8, 'x'),
(9, 9, 50, 50, 18050009, 'INF0992', 0, ''),
(9, 9, 50, 50, 18050009, 'INF1063', 8, 'x'),
(9, 9, 50, 50, 18050009, 'INF1073', 0, ''),
(9, 9, 50, 50, 18050009, 'INF1083', 0, ''),
(9, 9, 50, 50, 18050009, 'INF1133', 8, 'x'),
(9, 9, 50, 50, 18050009, 'INF1143', 0, ''),
(9, 9, 50, 50, 18050009, 'INF1152', 8, 'x'),
(9, 9, 50, 50, 18050009, 'INF1173', 0, ''),
(9, 9, 50, 50, 18050009, 'INF1182', 8, 'x'),
(9, 9, 50, 50, 18050009, 'LAW0492', 9, 'x'),
(9, 9, 50, 50, 18050009, 'MAT0043', 8, 'x'),
(9, 9, 50, 50, 18050009, 'MIL0013', 9, 'x'),
(9, 9, 50, 50, 18050009, 'MIL0022', 9, 'x'),
(9, 9, 50, 50, 18050009, 'MIL0033', 10, 'x'),
(9, 9, 50, 50, 18050009, 'PHE0251', 8, 'x'),
(9, 9, 50, 50, 18050009, 'POL0032', 8.5, 'x'),
(9, 9, 50, 50, 18050009, 'PHE0261', 9, 'x'),
(9, 9, 50, 50, 18050009, 'PHE0271', 8, 'x'),
(9, 9, 50, 50, 18050009, 'POL0013', 9.5, 'x'),
(9, 9, 50, 50, 18050009, 'POL0025', 7, 'x'),
(9, 9, 50, 50, 18050009, 'INF0364', 0, ''),
(9, 9, 50, 50, 18050009, 'INF0374', 0, ''),
(9, 9, 50, 50, 18050009, 'INF0384', 8, 'x'),
(9, 9, 50, 50, 18050009, 'INF0423', 9.5, 'x'),
(9, 9, 50, 50, 18050009, 'INF0434', 7, 'x'),
(9, 9, 50, 50, 18050009, 'INF0442', 6, 'x'),
(9, 9, 50, 50, 18050009, 'INF0453', 7, 'x'),
(9, 9, 50, 50, 18050009, 'INF0464', 9, 'x'),
(9, 9, 50, 50, 18050009, 'INF0493', 0, ''),
(9, 9, 50, 50, 18050009, 'INF0502', 9.5, 'x'),
(9, 9, 50, 50, 18050009, 'INF0524', 0, ''),
(9, 9, 50, 50, 18050009, 'INF0534', 0, ''),
(9, 9, 50, 50, 18050009, 'INF0542', 0, ''),
(9, 9, 50, 50, 18050009, 'INF0584', 0, ''),
(9, 9, 50, 50, 18050009, 'INF0593', 0, ''),
(9, 9, 50, 50, 18050009, 'INF0604', 0, ''),
(9, 9, 50, 50, 18050009, 'INF0613', 0, ''),
(9, 9, 50, 50, 18050009, 'INF0623', 8, 'x'),
(9, 9, 50, 50, 18050009, 'INF0633', 0, ''),
(9, 9, 50, 50, 18050009, 'INF0643', 0, ''),
(9, 9, 50, 50, 18050009, 'INF0654', 0, ''),
(9, 9, 50, 50, 18050009, 'INF0664', 0, ''),
(9, 9, 50, 50, 18050009, 'INF0674', 0, ''),
(9, 9, 50, 50, 18050009, 'INF0684', 0, ''),
(9, 9, 50, 50, 18050009, 'INF0694', 0, ''),
(8, 9, 50, 50, 18250025, 'VIE0151', 8, 'x'),
(7, 7, 50, 50, 18250025, 'VIE0281', 5, 'x'),
(8, 9, 50, 50, 18250025, 'VIE0291', 6.5, 'x'),
(0, 0, 0, 0, 18250025, 'BSC0132', 9.9, ''),
(8, 8, 50, 50, 18250025, 'VIE0182', 9, 'x'),
(5, 6, 30, 70, 18250025, 'VIE0381', 6, 'x'),
(0, 0, 0, 0, 18250025, 'VIE0481', 0, ''),
(7, 9, 50, 50, 18250025, 'VIE0491', 7, 'x'),
(0, 0, 0, 0, 18250025, 'VIE0501', 0, ''),
(0, 0, 0, 0, 18250025, 'VIE0511', 0, ''),
(7, 7, 50, 50, 18250025, 'VIE0521', 6.5, 'x'),
(0, 0, 0, 0, 18250025, 'VIE0531', 0, ''),
(0, 0, 0, 0, 18250025, 'VIE0402', 0, ''),
(0, 0, 0, 0, 18250025, 'VIE0412', 0, ''),
(0, 0, 0, 0, 18250025, 'VIE0422', 0, ''),
(0, 0, 0, 0, 18250025, 'VIE0432', 0, ''),
(6, 6, 50, 50, 18250025, 'BUSO183', 8.5, 'x'),
(0, 0, 0, 0, 18250025, 'ENG0013', 0, ''),
(0, 0, 0, 0, 18250025, 'ENG0023', 0, ''),
(0, 0, 0, 0, 18250025, 'ENG0902', 0, ''),
(0, 0, 0, 0, 18250025, 'PHE0251', 0, ''),
(0, 0, 0, 0, 18250025, 'PHE0261', 0, ''),
(0, 0, 0, 0, 18250025, 'PHE0271', 0, ''),
(0, 0, 0, 0, 18250025, 'POL0013', 0, ''),
(0, 0, 0, 0, 18250025, 'POL0025', 0, ''),
(0, 0, 0, 0, 18250025, 'VIE0392', 0, ''),
(0, 0, 0, 0, 18250025, 'VIE0052', 0, ''),
(0, 0, 0, 0, 18250025, 'VIE0212', 0, ''),
(0, 0, 0, 0, 18250025, 'VIE0271', 0, ''),
(0, 0, 0, 0, 18250025, 'BSC0092', 0, ''),
(0, 0, 0, 0, 18250025, 'BSC0102', 0, ''),
(0, 0, 0, 0, 18250025, 'VIE0092', 0, ''),
(0, 0, 0, 0, 18250025, 'VIE0171', 0, ''),
(5, 9, 50, 50, 18250025, 'VIE0372', 6.5, 'x'),
(6, 9, 40, 60, 18250025, 'VIE0441', 7.5, 'x'),
(9, 7, 50, 50, 18250025, 'VIE0462', 8.5, 'x'),
(8, 6, 30, 70, 18250025, 'VIE0015', 9, 'x'),
(9, 9, 30, 70, 18250025, 'VIE0121', 9.5, 'x'),
(0, 0, 0, 0, 18250025, 'VIE0025', 0, ''),
(7, 7, 50, 50, 18250025, 'VIE0082', 7, 'x'),
(8, 8, 50, 50, 18250025, 'VIE0142', 5, ''),
(6, 7, 30, 70, 18250025, 'VIE0312', 5.5, 'x'),
(9, 7, 50, 50, 18250025, 'VIE0331', 8, 'x'),
(8, 7, 40, 60, 18250025, 'VIE0035', 7, ''),
(6, 7, 30, 70, 18250025, 'VIE0132', 8.5, 'x'),
(9, 8, 50, 50, 18250025, 'VIE0472', 6.5, 'x'),
(8, 7, 50, 50, 18250025, 'VIE0045', 4, ''),
(8, 7, 50, 50, 18050012, 'ENG0013', 6.5, 'x'),
(9, 7, 50, 50, 18050012, 'ENG0023', 8, 'x'),
(9, 7, 50, 50, 18050012, 'ENG0902', 8, 'x'),
(9, 10, 30, 70, 18050012, 'ENG0912', 9.8, 'x'),
(0, 0, 0, 0, 18050012, 'INF0054', 0, ''),
(7, 8, 40, 60, 18050012, 'INF0074', 6.5, 'x'),
(8, 8, 30, 70, 18050012, 'INF0084', 8, 'x'),
(0, 0, 0, 0, 18050012, 'INF0093', 0, ''),
(7, 7, 50, 50, 18050012, 'INF0104', 7, 'x'),
(8, 8, 60, 40, 18050012, 'INF0114', 8, 'x'),
(6, 7, 50, 50, 18050012, 'INF0123', 6.5, 'x'),
(7, 7, 30, 70, 18050012, 'INF0137', 7, 'x'),
(8, 9, 50, 50, 18050012, 'INF0143', 8.5, 'x'),
(6, 6, 50, 50, 18050012, 'INF0153', 6, 'x'),
(8, 9, 30, 70, 18050012, 'INF0164', 7.7, 'x'),
(8, 7, 30, 70, 18050012, 'INF0172', 7, 'x'),
(7, 6, 40, 60, 18050012, 'INF0204', 7, 'x'),
(6, 8, 50, 50, 18050012, 'INF0214', 7, 'x'),
(8, 9, 50, 50, 18050012, 'INF0253', 7, 'x'),
(7, 8, 30, 70, 18050012, 'INF0263', 7.7, 'x'),
(8, 9, 50, 50, 18050012, 'INF0284', 7.6, 'x'),
(8, 9, 30, 70, 18050012, 'INF0294', 9, 'x'),
(0, 0, 0, 0, 18050012, 'VIE0402', 9.98, ''),
(0, 0, 0, 0, 18050012, 'INF0313', 0, ''),
(0, 0, 0, 0, 18050012, 'INF0324', 9.9, ''),
(0, 0, 0, 0, 18050012, 'INF0694', 0, ''),
(0, 0, 0, 0, 18050012, 'INF0713', 0, ''),
(9, 7, 40, 60, 18050012, 'INF0722', 8, 'x'),
(0, 0, 0, 0, 18050012, 'INF0774', 9.9, ''),
(0, 0, 0, 0, 18050012, 'INF0784', 9.9, ''),
(0, 0, 0, 0, 18050012, 'INF0794', 0, ''),
(0, 0, 0, 0, 18050012, 'INF0812', 0, ''),
(0, 0, 0, 0, 18050012, 'INF0893', 0, ''),
(0, 0, 0, 0, 18050012, 'INF0912', 0, ''),
(8, 9, 30, 70, 18050012, 'INF0972', 8, 'x'),
(0, 0, 0, 0, 18050012, 'INF0992', 0, ''),
(8, 9, 50, 50, 18050012, 'INF1063', 8, 'x'),
(5, 5, 30, 70, 18050012, 'INF1073', 5, 'x'),
(0, 0, 0, 0, 18050012, 'INF1083', 0, ''),
(8, 8, 40, 60, 18050012, 'INF1133', 8, 'x'),
(0, 0, 0, 0, 18050012, 'INF1143', 0, ''),
(0, 0, 0, 0, 18050012, 'INF1152', 9.9, ''),
(0, 0, 0, 0, 18050012, 'INF1173', 0, ''),
(8, 8, 30, 70, 18050012, 'INF1182', 8, 'x'),
(9, 9, 50, 50, 18050012, 'LAW0492', 9, 'x'),
(8, 8, 50, 50, 18050012, 'MAT0043', 8, 'x'),
(9, 9, 30, 70, 18050012, 'MIL0013', 9, 'x'),
(8, 9, 50, 50, 18050012, 'MIL0022', 9, 'x'),
(10, 10, 30, 70, 18050012, 'MIL0033', 10, 'x'),
(8, 9, 50, 50, 18050012, 'PHE0251', 8, 'x'),
(8, 9, 50, 50, 18050012, 'POL0032', 8.5, 'x'),
(8, 10, 40, 60, 18050012, 'PHE0261', 9, 'x'),
(9, 7, 40, 60, 18050012, 'PHE0271', 8, 'x'),
(9, 10, 30, 70, 18050012, 'POL0013', 9.5, 'x'),
(6, 8, 30, 70, 18050012, 'POL0025', 7, 'x'),
(0, 0, 0, 0, 18050012, 'INF0364', 0, ''),
(0, 0, 0, 0, 18050012, 'INF0374', 0, ''),
(9, 7, 40, 60, 18050012, 'INF0384', 8, 'x'),
(9, 10, 30, 70, 18050012, 'INF0423', 9.5, 'x'),
(6, 8, 30, 70, 18050012, 'INF0434', 7, 'x'),
(5, 7, 40, 60, 18050012, 'INF0442', 6, 'x'),
(8, 9, 50, 50, 18050012, 'INF0453', 7, 'x'),
(8, 9, 50, 50, 18050012, 'INF0464', 9, 'x'),
(0, 0, 0, 0, 18050012, 'INF0493', 9.9, ''),
(9, 10, 50, 50, 18050012, 'INF0502', 9.5, 'x'),
(0, 0, 0, 0, 18050012, 'INF0524', 0, ''),
(0, 0, 0, 0, 18050012, 'INF0534', 0, ''),
(0, 0, 0, 0, 18050012, 'INF0542', 0, ''),
(0, 0, 0, 0, 18050012, 'INF0584', 0, ''),
(0, 0, 0, 0, 18050012, 'INF0593', 0, ''),
(0, 0, 0, 0, 18050012, 'INF0604', 9.9, ''),
(0, 0, 0, 0, 18050012, 'INF0613', 9.9, ''),
(8, 8, 50, 50, 18050012, 'INF0623', 8, 'x'),
(0, 0, 0, 0, 18050012, 'INF0633', 9.9, ''),
(0, 0, 0, 0, 18050012, 'INF0643', 9.9, ''),
(0, 0, 0, 0, 18050012, 'INF0654', 9.9, ''),
(0, 0, 0, 0, 18050012, 'INF0664', 0, ''),
(0, 0, 0, 0, 18050012, 'INF0674', 0, ''),
(0, 0, 0, 0, 18050012, 'INF0684', 0, ''),
(0, 0, 0, 0, 18050012, 'INF0694', 0, ''),
(7, 7, 40, 60, 18050015, 'ENG0013', 6.5, 'x'),
(7, 7, 40, 60, 18050015, 'ENG0023', 8, 'x'),
(7, 7, 40, 60, 18050015, 'ENG0902', 8, 'x'),
(7, 7, 40, 60, 18050015, 'ENG0912', 9.8, 'x'),
(7, 7, 40, 60, 18050015, 'INF0054', 0, ''),
(7, 7, 40, 60, 18050015, 'INF0074', 6.5, 'x'),
(7, 7, 40, 60, 18050015, 'INF0084', 8, 'x'),
(7, 7, 40, 60, 18050015, 'INF0093', 0, ''),
(7, 7, 40, 60, 18050015, 'INF0104', 7, 'x'),
(7, 7, 40, 60, 18050015, 'INF0114', 8, 'x'),
(7, 7, 40, 60, 18050015, 'INF0123', 6.5, 'x'),
(7, 7, 40, 60, 18050015, 'INF0137', 7, 'x'),
(7, 7, 40, 60, 18050015, 'INF0143', 8.5, 'x'),
(7, 7, 40, 60, 18050015, 'INF0153', 6, 'x'),
(7, 7, 40, 60, 18050015, 'INF0164', 7.7, 'x'),
(7, 7, 40, 60, 18050015, 'INF0172', 7, 'x'),
(7, 7, 40, 60, 18050015, 'INF0204', 7, 'x'),
(7, 7, 40, 60, 18050015, 'INF0214', 7, 'x'),
(7, 7, 40, 60, 18050015, 'INF0253', 7, 'x'),
(7, 7, 40, 60, 18050015, 'INF0263', 7.7, 'x'),
(7, 7, 40, 60, 18050015, 'INF0284', 7.6, 'x'),
(7, 7, 40, 60, 18050015, 'INF0294', 9, 'x'),
(7, 7, 40, 60, 18050015, 'VIE0402', 9.98, ''),
(7, 7, 40, 60, 18050015, 'INF0313', 0, ''),
(7, 7, 40, 60, 18050015, 'INF0324', 9.9, ''),
(7, 7, 40, 60, 18050015, 'INF0694', 0, ''),
(7, 7, 40, 60, 18050015, 'INF0713', 0, ''),
(7, 7, 40, 60, 18050015, 'INF0722', 8, 'x'),
(7, 7, 40, 60, 18050015, 'INF0774', 9.9, ''),
(7, 7, 40, 60, 18050015, 'INF0784', 9.9, ''),
(7, 7, 40, 60, 18050015, 'INF0794', 0, ''),
(7, 7, 40, 60, 18050015, 'INF0812', 0, ''),
(7, 7, 40, 60, 18050015, 'INF0893', 0, ''),
(7, 7, 40, 60, 18050015, 'INF0912', 0, ''),
(7, 7, 40, 60, 18050015, 'INF0972', 8, 'x'),
(7, 7, 40, 60, 18050015, 'INF0992', 0, ''),
(7, 7, 40, 60, 18050015, 'INF1063', 8, 'x'),
(7, 7, 40, 60, 18050015, 'INF1073', 5, 'x'),
(7, 7, 40, 60, 18050015, 'INF1083', 0, ''),
(7, 7, 40, 60, 18050015, 'INF1133', 8, 'x'),
(7, 7, 40, 60, 18050015, 'INF1143', 0, ''),
(7, 7, 40, 60, 18050015, 'INF1152', 9.9, ''),
(7, 7, 40, 60, 18050015, 'INF1173', 0, ''),
(7, 7, 40, 60, 18050015, 'INF1182', 8, 'x'),
(7, 7, 40, 60, 18050015, 'LAW0492', 9, 'x'),
(7, 7, 40, 60, 18050015, 'MAT0043', 8, 'x'),
(7, 7, 40, 60, 18050015, 'MIL0013', 9, 'x'),
(7, 7, 40, 60, 18050015, 'MIL0022', 9, 'x'),
(7, 7, 40, 60, 18050015, 'MIL0033', 10, 'x'),
(7, 7, 40, 60, 18050015, 'PHE0251', 8, 'x'),
(7, 7, 40, 60, 18050015, 'POL0032', 8.5, 'x'),
(7, 7, 40, 60, 18050015, 'PHE0261', 9, 'x'),
(7, 7, 40, 60, 18050015, 'PHE0271', 8, 'x'),
(7, 7, 40, 60, 18050015, 'POL0013', 9.5, 'x'),
(7, 7, 40, 60, 18050015, 'POL0025', 7, 'x'),
(7, 7, 40, 60, 18050015, 'INF0364', 0, ''),
(7, 7, 40, 60, 18050015, 'INF0374', 0, ''),
(7, 7, 40, 60, 18050015, 'INF0384', 8, 'x'),
(7, 7, 40, 60, 18050015, 'INF0423', 9.5, 'x'),
(7, 7, 40, 60, 18050015, 'INF0434', 7, 'x'),
(7, 7, 40, 60, 18050015, 'INF0442', 6, 'x'),
(7, 7, 40, 60, 18050015, 'INF0453', 7, 'x'),
(7, 7, 40, 60, 18050015, 'INF0464', 9, 'x'),
(7, 7, 40, 60, 18050015, 'INF0493', 9.9, ''),
(7, 7, 40, 60, 18050015, 'INF0502', 9.5, 'x'),
(7, 7, 40, 60, 18050015, 'INF0524', 0, ''),
(7, 7, 40, 60, 18050015, 'INF0534', 0, ''),
(7, 7, 40, 60, 18050015, 'INF0542', 0, ''),
(7, 7, 40, 60, 18050015, 'INF0584', 0, ''),
(7, 7, 40, 60, 18050015, 'INF0593', 0, ''),
(7, 7, 40, 60, 18050015, 'INF0604', 9.9, ''),
(7, 7, 40, 60, 18050015, 'INF0613', 9.9, ''),
(7, 7, 40, 60, 18050015, 'INF0623', 8, 'x'),
(7, 7, 40, 60, 18050015, 'INF0633', 9.9, ''),
(7, 7, 40, 60, 18050015, 'INF0643', 9.9, ''),
(7, 7, 40, 60, 18050015, 'INF0654', 9.9, ''),
(7, 7, 40, 60, 18050015, 'INF0664', 0, ''),
(7, 7, 40, 60, 18050015, 'INF0674', 0, ''),
(7, 7, 40, 60, 18050015, 'INF0684', 0, ''),
(7, 7, 40, 60, 18050015, 'INF0694', 0, '');

-- --------------------------------------------------------

--
-- Table structure for table `monhoc`
--

CREATE TABLE `monhoc` (
  `MaMH` varchar(45) NOT NULL,
  `TenMH` varchar(50) DEFAULT NULL,
  `SoTC` int(11) DEFAULT NULL,
  `TongST` int(11) DEFAULT NULL,
  `LyThuyet` int(11) DEFAULT NULL,
  `ThucHanh` int(11) DEFAULT NULL,
  `Thuoc` varchar(45) DEFAULT NULL
) ENGINE=InnoDB DEFAULT CHARSET=utf8mb4;

--
-- Dumping data for table `monhoc`
--

INSERT INTO `monhoc` (`MaMH`, `TenMH`, `SoTC`, `TongST`, `LyThuyet`, `ThucHanh`, `Thuoc`) VALUES
('BCS0082', 'Mỹ học đại cương', 3, 30, 30, 0, 'Môn BB'),
('BSC0012', 'Đại cương lịch sử việt nam', 3, 30, 30, 0, 'Môn BB'),
('BSC0092', 'Phương pháp luận nghiên cứu khoa học', 2, 30, 30, 0, 'Môn BB'),
('BSC0102', 'Tâm lý học đại cương', 2, 30, 30, 0, 'Môn BB'),
('BSC0132', 'Văn hóa giao tiếp', 2, 30, 30, 0, 'Môn TC1'),
('BUSO183', 'Quản Trị Học', 3, 45, 45, 0, 'Môn BB'),
('ENG0013', 'Anh văn cơ bản 1', 3, 45, 45, 0, 'Môn BB'),
('ENG0023', 'Anh văn cơ bản 2', 3, 45, 45, 0, 'Môn BB'),
('ENG0902', 'Anh văn cơ bản 3', 2, 30, 30, 0, 'Môn BB'),
('ENG0912', 'Anh văn cơ bản 4', 2, 30, 30, 0, 'Môn BB'),
('INF0054', 'Các hệ thống thông tin địa lý', 4, 75, 40, 35, 'Môn TC3'),
('INF0074', 'Cấu trúc dữ liệu và giải thuật', 4, 45, 15, 30, 'Môn BB'),
('INF0084', 'Cơ sở dữ liệu', 2, 75, 30, 45, 'Môn BB'),
('INF0093', 'Cơ sở dữ liệu nâng cao', 3, 45, 45, 0, 'Môn TC1'),
('INF0104', 'Cơ sở Trí tuệ nhân tạo', 4, 75, 45, 30, 'Môn TC1'),
('INF0114', 'Công nghệ Web', 4, 75, 30, 45, 'Môn BB'),
('INF0123', 'Đồ án ngành', 3, 45, 45, 0, 'Môn BB'),
('INF0137', 'Đồ án tốt nghiệp', 7, 0, 0, 0, 'Môn BB'),
('INF0143', 'Đồ họa máy tính', 3, 60, 30, 30, 'Môn BB'),
('INF0153', 'Hệ điều hành', 3, 45, 45, 0, 'Môn BB'),
('INF0164', 'Hệ quản trị cơ sở dữ liệu', 4, 75, 30, 45, 'Môn BB'),
('INF0172', 'Kiến trúc máy tính', 2, 30, 30, 0, 'Môn BB'),
('INF0204', 'Lập trình hướng đối tượng', 4, 45, 15, 30, 'Môn BB'),
('INF0214', 'Lập trình Java', 4, 75, 45, 30, 'Môn TC1'),
('INF0253', 'Lý thuyết đồ thị', 3, 60, 30, 30, 'Môn BB'),
('INF0263', 'Mạng máy tính', 3, 45, 45, 0, 'Môn BB'),
('INF0284', 'Nhập môn .NET và lập trình C#', 4, 75, 30, 45, 'Môn BB'),
('INF0294', 'Nhập môn Công nghệ phần mềm', 4, 75, 30, 45, 'Môn BB'),
('INF0313', 'Nhập môn phát triển ứng dụng mã nguồn mở', 4, 45, 45, 0, 'Môn TC3'),
('INF0324', 'Thương mại điện tử', 4, 75, 40, 35, 'Môn TC2'),
('INF0344', 'Phân tích thiết kế hệ thống thông tin', 4, 75, 30, 45, 'Môn BB'),
('INF0364', 'Phát triển phần mềm hướng đối tượng', 4, 75, 45, 30, 'Môn TC1'),
('INF0374', 'Phát triển ứng dụng web', 4, 75, 45, 30, 'Môn TC1'),
('INF0384', 'Quản trị dự án CNTT', 4, 75, 30, 45, 'Môn BB'),
('INF0403', 'Tin Học Đại Cương', 3, 60, 30, 30, 'Môn BB'),
('INF0423', 'Toán rời rạc', 3, 45, 45, 0, 'Môn BB'),
('INF0434', 'Nhập môn Lập trình', 4, 45, 15, 30, 'Môn BB'),
('INF0442', 'Giới thiệu ngành', 2, 30, 30, 0, 'Môn BB'),
('INF0453', 'Giới thiệu ngành', 3, 30, 0, 30, 'Môn BB'),
('INF0464', 'Chuyên đề ảo hóa và điện toán đám mây', 3, 75, 45, 30, 'Môn TC3'),
('INF0493', 'Bảo mật thông tin', 3, 45, 45, 0, 'Môn TC2'),
('INF0502', 'Kỹ năng sử dụng các công cụ đồ họa', 2, 60, 60, 0, 'Môn TC1'),
('INF0524', 'Chuyên đề xây dựng ứng dụng trên thiết bị di ', 4, 75, 45, 30, 'Môn TC1'),
('INF0534', 'Chuyên đề quản trị hệ thống website TMĐT', 4, 75, 45, 30, 'Môn TC3'),
('INF0542', 'Phương pháp nghiên cứu, ứng dụng và giảng dạy', 2, 30, 30, 0, 'Môn TC1'),
('INF0584', 'Khai thác dữ liệu', 4, 75, 45, 30, 'Môn TC1'),
('INF0593', 'Kho dữ liệu và OLAP', 3, 45, 45, 0, 'Môn TC1'),
('INF0604', 'Phát triển hệ thống vi điều khiển', 4, 75, 45, 30, 'Môn TC2'),
('INF0613', 'Hệ hỗ trợ quyết định', 3, 45, 45, 0, 'Môn TC2'),
('INF0623', 'Phân tich dữ liệu kinh doanh', 3, 45, 45, 0, 'Môn TC2'),
('INF0633', 'Hệ thống thông tin quản lý', 3, 45, 45, 0, 'Môn TC2'),
('INF0643', 'Dự báo kinh doanh', 3, 45, 45, 0, 'Môn TC2'),
('INF0654', 'Kiến trúc phần mềm', 4, 75, 45, 30, 'Môn TC2'),
('INF0664', 'Hoạch định nguồn lực doanh nghiệp', 4, 75, 45, 30, 'Môn TC3'),
('INF0674', 'Phân tích không gian', 4, 75, 45, 30, 'Môn TC3'),
('INF0684', 'Hệ cơ sở dữ liệu không gian', 4, 75, 45, 30, 'Môn TC3'),
('INF0694', 'Bảo trì và gia công phần mềm', 4, 75, 45, 30, 'Môn TC3'),
('INF0704', 'Dữ liệu lớn', 4, 75, 45, 30, 'Môn TC3'),
('INF0713', 'Mạng xã hội', 3, 60, 30, 30, 'Môn TC3'),
('INF0722', 'Kỹ năng nghề nghiệp', 2, 30, 30, 0, 'Môn BB'),
('INF0774', 'Hệ thống thông tin kế toán (CNTT)', 4, 60, 60, 0, 'Môn TC2'),
('INF0784', 'Hệ quản trị cơ sở dữ liệu Oracle', 4, 75, 45, 30, 'Môn TC2'),
('INF0794', 'Phát triển ứng dụng đa phương tiện', 4, 75, 45, 30, 'Môn TC1'),
('INF0812', 'Công dân số', 2, 45, 15, 30, 'Môn TC3'),
('INF0893', 'Mật mã và An toàn thông tin', 3, 60, 30, 30, 'Môn TC1'),
('INF0912', 'An ninh mạng', 2, 45, 15, 30, 'Môn TC3'),
('INF0972', 'Chuyên đề 1', 2, 45, 30, 15, 'Môn TC1'),
('INF0992', 'Công nghệ IoT', 3, 60, 30, 30, 'Môn TC1'),
('INF1063', 'Học máy', 3, 60, 30, 30, 'Môn TC1'),
('INF1073', 'Xử lý ngôn ngữ tự nhiên', 3, 60, 30, 30, 'Môn TC2'),
('INF1083', 'Phát triển ứng dụng trí tuệ nhân tạo', 3, 60, 30, 30, 'Môn TC3'),
('INF1133', 'Lập trình hệ thống', 3, 60, 30, 30, 'Môn TC1'),
('INF1143', 'Xử lý ảnh số và thị giác máy tính', 3, 60, 30, 30, 'Môn TC1'),
('INF1152', 'Chuyên đề 2', 2, 45, 15, 30, 'Môn TC2'),
('INF1173', 'Cảm biến và đo lường cho Robotic', 3, 60, 30, 30, 'Môn TC1'),
('INF1182', 'Máy học trong thị giác máy tính', 2, 45, 15, 30, 'Môn TC2'),
('LAW0492', 'Pháp luật đại cương', 2, 30, 30, 0, 'Môn BB'),
('MAT0043', 'Toán cao cấp A3', 3, 45, 45, 0, 'Môn BB'),
('MIL0013', 'Giáo dục QP – an ninh 1 ', 3, 45, 45, 0, 'Môn BB'),
('MIL0022', 'Giáo dục QP – an ninh 2', 2, 30, 30, 0, 'Môn BB'),
('MIL0033', 'Giáo dục QP – an ninh 3', 3, 60, 30, 30, 'Môn BB'),
('PHE0251', 'Giáo dục thể chất 1', 1, 30, 0, 30, 'Môn BB'),
('PHE0261', 'Giáo dục thể chất 2 ', 1, 30, 0, 30, 'Môn BB'),
('PHE0271', 'Giáo dục thể chất 3', 1, 30, 0, 30, 'Môn BB'),
('POL0013', 'Đường lối cách mạng của Đảng Cộng Sản Việt Nam', 3, 45, 45, 0, 'Môn BB'),
('POL0025', 'Những nguyên lý cơ bản của chủ nghĩa Mác-Lênin', 5, 75, 75, 0, 'Môn BB'),
('POL0032', 'Tư tưởng Hồ Chí Minh', 2, 30, 30, 0, 'Môn BB'),
('SOC0492', 'Xã hội học đại cương', 2, 30, 30, 0, 'Môn BB'),
('VIE0015', 'Anh văn thực hành 1', 5, 75, 75, 0, 'Môn BB'),
('VIE0025', 'Anh văn thực hành 2', 5, 75, 75, 0, 'Môn BB'),
('VIE0035', 'Anh văn thực hành 3', 5, 75, 75, 0, 'Môn BB'),
('VIE0045', 'Anh văn thực hành 4', 5, 75, 75, 0, 'Môn BB'),
('VIE0052', 'Cơ sở văn hóa việt nam', 2, 30, 30, 0, 'Môn BB'),
('VIE0072', 'Cơ sở xây dựng tuyến điểm', 2, 30, 30, 0, 'Môn BB'),
('VIE0082', 'Cộng đồng các dân tộc Viêt Nam', 2, 30, 30, 0, 'Môn BB'),
('VIE0092', 'Đại cương địa lý du lịch Việt Nam', 2, 30, 30, 0, 'Môn BB'),
('VIE0103', 'Đại cương lịch sử văn hóa Việt Nam', 3, 45, 45, 0, 'Môn BB'),
('VIE0121', 'Di sản văn hóa tiêu biểu của thế gới', 1, 15, 15, 0, 'Môn BB'),
('VIE0132', 'Di tích lịch sử Việt Nam', 2, 30, 30, 0, 'Môn BB'),
('VIE0142', 'Địa lý du lịch thế giới', 2, 30, 30, 0, 'Môn BB'),
('VIE0151', 'Hoạt náo', 1, 15, 15, 0, 'Môn TC1'),
('VIE0171', 'Kỹ năng giao tiếp với người nước ngoài', 1, 15, 15, 0, 'Môn BB'),
('VIE0182', 'Kỹ năng nói chuyện trước công chúng', 2, 30, 30, 0, 'Môn TC2'),
('VIE0212', 'Lịch sử văn hóa thế giới', 2, 30, 30, 0, 'Môn BB'),
('VIE0271', 'Nhập môn Viêt Nam học', 1, 15, 15, 0, 'Môn BB'),
('VIE0281', 'Phân loại và phân cấp di sản', 1, 15, 15, 0, 'Môn TC1'),
('VIE0291', 'Phương pháp điền giả', 1, 15, 15, 0, 'Môn TC1'),
('VIE0312', 'Quản trị buồn phòng', 2, 30, 30, 0, 'Môn BB'),
('VIE0322', 'Quản trị dịch vụ lữ hành', 2, 30, 30, 0, 'Môn BB'),
('VIE0331', 'Quản trị dịch vụ lễ tân', 2, 30, 30, 0, 'Môn BB'),
('VIE0372', 'Tâm lý du khách', 2, 30, 30, 0, 'Môn BB'),
('VIE0381', 'Thủ tục xuất nhập cảnh', 1, 15, 15, 0, 'Môn TC2'),
('VIE0392', 'Thực hành tiếng việt', 3, 30, 30, 0, 'Môn BB'),
('VIE0402', 'Thực tập 1(Tour Tp.Hồ Chí Minh)', 2, 0, 0, 0, 'Môn TC3'),
('VIE0412', 'Thực tập 2(Tây Nguyên)', 2, 0, 0, 0, 'Môn TC3'),
('VIE0422', 'Thực tập 3(Xuyên Việt)', 3, 0, 0, 0, 'Môn TC3'),
('VIE0432', 'Thực tập 4(Công ty, Khách sạn)', 3, NULL, NULL, NULL, 'Môn TC3'),
('VIE0441', 'Thanh toán tiền tệ quốc tế', 1, 15, 15, 0, 'Môn BB'),
('VIE0462', 'Tổng quan du lịch', 2, 30, 30, 0, 'Môn BB'),
('VIE0472', 'Văn hóa các dân tộc ít người', 2, 30, 30, 0, 'Môn BB'),
('VIE0481', 'Văn hóa óc eo', 1, 15, 15, 0, 'Môn TC2'),
('VIE0491', 'Văn hóa sa huỳnh ', 1, 15, 15, 0, 'Môn TC2'),
('VIE0501', 'Văn minh ấn độ', 1, 15, 15, 0, 'Môn TC2'),
('VIE0511', 'Văn minh Hi-La', 1, 15, 15, 0, 'Môn TC2'),
('VIE0521', 'Văn minh lưỡng hà', 1, 15, 15, 0, 'Môn TC2'),
('VIE0531', 'Văn minh trung hoa', 1, 15, 15, 0, 'Môn TC2');

-- --------------------------------------------------------

--
-- Table structure for table `sinhvien`
--

CREATE TABLE `sinhvien` (
  `MaSV` int(11) NOT NULL,
  `TenSV` varchar(45) DEFAULT NULL,
  `MaCTDT` int(11) NOT NULL,
  `username` varchar(10) NOT NULL,
  `password` varchar(50) NOT NULL,
  `NgaySinh` date DEFAULT NULL,
  `SDT` int(20) NOT NULL,
  `Gmail` varchar(100) NOT NULL,
  `NoiSinh` varchar(50) NOT NULL,
  `DanToc` varchar(50) NOT NULL,
  `PhanQ` int(11) NOT NULL,
  `GioiTinh` varchar(20) NOT NULL,
  `anh` varchar(100) NOT NULL
) ENGINE=InnoDB DEFAULT CHARSET=utf8mb4;

--
-- Dumping data for table `sinhvien`
--

INSERT INTO `sinhvien` (`MaSV`, `TenSV`, `MaCTDT`, `username`, `password`, `NgaySinh`, `SDT`, `Gmail`, `NoiSinh`, `DanToc`, `PhanQ`, `GioiTinh`, `anh`) VALUES
(0, 'admin', 0, 'admin', '123456', '0000-00-00', 0, '[value-8]', '[value-9]', '[value-10]', 0, '[value-12]', 'images (3).png'),
(18050009, 'Tân', 1, '18050009', '123456', '2015-12-04', 15532592, '18050009@student.bdu.edu.vn', 'Bình Dương', 'Kinh', 1, 'nam', 'tan.png'),
(18050010, 'Hiệp', 1, '18050010', '12345', '2012-12-12', 125479357, '18050010@student.bdu.edu.vn', 'Đồng Nai', 'Kinh', 1, 'nam', 'daidien.png'),
(18050012, 'Phong', 1, '18050012', '123456', '2012-12-12', 125545642, '18050012@student.bdu.edu.vn', 'Tây Nguyên', 'Kinh', 1, 'nam', 'phong.jpg'),
(18050015, 'Đạt', 1, '18050015', '123456', '2022-12-28', 1255546585, '18050015@student.bdu.edu.vn', 'Bạc Liêu', 'Kinh', 1, 'nam', 'dat.png'),
(18050017, 'huy', 0, '', '', '2023-01-01', 316161, 'bdu.edu.vn', 'bình dương', 'kinh', 0, 'Nam', 'huy.png'),
(18250025, 'Thanh', 1, '18250025', '123456', '2015-12-17', 1249262542, '18250025@student.bdu.edu.vn', 'Bình Dương', 'Kinh', 1, 'nữ', 'thanh.jpg');

--
-- Indexes for dumped tables
--

--
-- Indexes for table `ctdt`
--
ALTER TABLE `ctdt`
  ADD PRIMARY KEY (`MaCTDT`);

--
-- Indexes for table `dangkymh`
--
ALTER TABLE `dangkymh`
  ADD KEY `fk_dangkymh_monhoc1_idx` (`MaMH`),
  ADD KEY `fk_dangkymh_ctdt1_idx` (`MaCTDT`);
ALTER TABLE `dangkymh` ADD FULLTEXT KEY `MaSV` (`MaSV`);

--
-- Indexes for table `danhsachdk`
--
ALTER TABLE `danhsachdk`
  ADD KEY `MaSV` (`MaSV`),
  ADD KEY `MaMH` (`MaMH`);

--
-- Indexes for table `diem`
--
ALTER TABLE `diem`
  ADD KEY `fk_diem_sinhvien1_idx` (`MaSV`),
  ADD KEY `fk_diem_monhoc1_idx` (`MaMH`);

--
-- Indexes for table `monhoc`
--
ALTER TABLE `monhoc`
  ADD PRIMARY KEY (`MaMH`);

--
-- Indexes for table `sinhvien`
--
ALTER TABLE `sinhvien`
  ADD PRIMARY KEY (`MaSV`),
  ADD KEY `fk_sinhvien_ctdt_idx` (`MaCTDT`);

--
-- Constraints for dumped tables
--

--
-- Constraints for table `dangkymh`
--
ALTER TABLE `dangkymh`
  ADD CONSTRAINT `fk_dangkymh_ctdt1` FOREIGN KEY (`MaCTDT`) REFERENCES `ctdt` (`MaCTDT`) ON DELETE NO ACTION ON UPDATE NO ACTION,
  ADD CONSTRAINT `fk_dangkymh_monhoc1` FOREIGN KEY (`MaMH`) REFERENCES `monhoc` (`MaMH`) ON DELETE NO ACTION ON UPDATE NO ACTION;

--
-- Constraints for table `danhsachdk`
--
ALTER TABLE `danhsachdk`
  ADD CONSTRAINT `danhsachdk_ibfk_1` FOREIGN KEY (`MaMH`) REFERENCES `monhoc` (`MaMH`);

--
-- Constraints for table `diem`
--
ALTER TABLE `diem`
  ADD CONSTRAINT `fk_diem_monhoc1` FOREIGN KEY (`MaMH`) REFERENCES `monhoc` (`MaMH`) ON DELETE NO ACTION ON UPDATE NO ACTION,
  ADD CONSTRAINT `fk_diem_sinhvien1` FOREIGN KEY (`MaSV`) REFERENCES `sinhvien` (`MaSV`) ON DELETE NO ACTION ON UPDATE NO ACTION;
COMMIT;

/*!40101 SET CHARACTER_SET_CLIENT=@OLD_CHARACTER_SET_CLIENT */;
/*!40101 SET CHARACTER_SET_RESULTS=@OLD_CHARACTER_SET_RESULTS */;
/*!40101 SET COLLATION_CONNECTION=@OLD_COLLATION_CONNECTION */;
